frame,mean_edge
frame175.jpg,18.33984375
frame176.jpg,16.003255208333332
frame177.jpg,14.680338541666666
frame311.jpg,11.492838541666666
frame312.jpg,18.936848958333332
frame313.jpg,18.943359375
frame1648.jpg,10.568359375
frame1692.jpg,10.259114583333334
frame4678.jpg,4.249348958333333
