frame,mean_edge
frame5281.jpg,11.147135416666666
frame5382.jpg,11.645833333333334
frame5380.jpg,11.649739583333334
frame5434.jpg,2.146484375
frame5427.jpg,3.1529947916666665
