frame,green_frac
frame175.jpg,0.006168300653594771
frame176.jpg,0.011504289215686275
frame177.jpg,0.01174172794117647
frame311.jpg,0.00014297385620915033
frame312.jpg,0.0673968545751634
frame313.jpg,0.07141544117647058
frame1648.jpg,0.06797640931372549
frame1692.jpg,0.04571333741830065
frame4678.jpg,0.00015318627450980392
