frame,green_frac
frame5281.jpg,0.023805147058823528
frame5382.jpg,0.043530433006535946
frame5380.jpg,0.0418734681372549
frame5434.jpg,0.0
frame5427.jpg,0.0
